X,Y
2.6314773528604434,3.361198730736204, 0
-2.489036992158007,-2.4147641738248087, 0
4.9399106322274005,-8.08782857871135, 0
-4.6682447380216585,4.174837227993331, 0
-3.6583899097096513,-8.337703302260026, 0
1.886805366612565,-0.7800856419709348, 0
-9.93708663260669,5.120110040958547, 0
-3.0296645555896706,0.8423709321889579, 0
1.4368342751279712,-9.094406263371017, 0
2.3431576627527395,5.828097097834263, 0
6.3832479155120865,-3.720036212365631, 0
7.907991151646993,3.415374138532716, 0
6.19074199801145,1.0415553689872148, 0
1.2811936128083463,1.2121416813127297, 0
-3.9514810577559745,-8.927266069544476, 0
9.924088122241333,2.131582173059826, 0
-0.4994625855204262,6.325019976809369, 0
-3.0238034789234387,-8.27086293614106, 0
-3.4161555654962728,0.2958973522302841, 0
7.8907376770851485,-8.976706427224098, 0
1.714494521710927,-2.1847093162576208, 0
6.922961849377781,-6.1138981708632905, 0
-4.35582591581672,-3.972549053292198, 0
5.148571379740531,5.903974404691649, 0
-7.035919246520052,7.956395474254837, 0
5.360008616876462,4.120030356869895, 0
0.796637903941491,-9.301938217565056, 0
7.770255359155879,-8.388999399148807, 0
-8.443664005603164,-2.9555649495021523, 0
-6.048535945469116,-7.727138092668044, 0
3.3190852392277677,-9.508124367784031, 0
4.393112031751356,9.45447751314705, 0
-9.362613231425506,4.378428333858039, 0
6.756453874426427,2.206343094145309, 0
6.292661748512572,2.089760977422184, 0
2.8955259824829476,2.274296088986441, 0
3.7069211448541424,-5.477563400866674, 0
-9.667014818591452,9.285594632620317, 0
-1.9787307648137915,2.2793671599480962, 0
6.959038565766569,2.799957338265969, 0
-3.6774106018383517,-9.85345029981965, 0
-1.9674326578085903,4.102344822032711, 0
0.10213244743207461,5.729314650261173, 0
3.2418154426723653,-8.686831138959349, 0
7.1429242362251735,-4.979613003655667, 0
2.691037703486952,-6.068754385177475, 0
2.0859556034329607,8.358462671241831, 0
1.629585923181434,3.129675650193594, 0
-0.15343470143147542,-8.09963365396455, 0
4.792466049407446,-6.053688589557245, 0
7.597979004510865,-3.64262747660457, 0
7.424020938517874,4.406691245388883, 0
-4.051725250472984,-6.088029825422456, 0
2.7091800955497742,-4.754739932199712, 0
-2.789471407888122,-9.73884515270137, 0
5.22230607016045,-8.391330205900697, 0
6.961735800093159,5.926955669020366, 0
-8.962035350134412,4.424477646058666, 0
3.345464026714776,-9.054318666423276, 0
-4.353589990255293,-7.683859836447418, 0
-7.863378894528328,2.1216014937836327, 0
-0.05600765199335811,0.4277584686820255, 0
1.0548021122910676,-7.96173571585615, 0
-9.73819046766437,-6.8180421742193325, 0
-0.5879079606645519,5.478730767564922, 0
-7.645532575307119,5.746192032264686, 0
-3.1083182680437638,3.422360902348201, 0
-1.5936305851598203,6.187101386484532, 0
9.728183204894364,-4.627875317591119, 0
5.900245684066549,-7.238353398151713, 0
1.7618737546820817,-0.29208244025795693, 0
2.247620695058334,-9.294778093226588, 0
-8.550974630753075,0.16207070851255345, 0
-1.8733941751982428,2.225788504302793, 0
-6.367973814335004,0.281199062228092, 0
-5.129045321045435,-6.851404463793342, 0
2.808551427219225,-4.535236371592073, 0
7.136274535798542,-4.499968940870818, 0
2.8629702915701394,-9.515662787444938, 0
9.796844266252222,-0.7463710317129557, 0
2.3439200111305993,4.4620773342747135, 0
4.0826292156517106,-4.618455553422313, 0
4.311639766104729,4.988627737715298, 0
4.276318764359264,8.391737167986864, 0
-1.1822548349231798,3.89906472529378, 0
-7.484598223494643,3.163343022587288, 0
4.064588609126181,4.630964319182059, 0
-5.483933671126056,9.377289366203058, 0
8.236028321023866,-9.080275255759947, 0
-1.8213650338109275,5.312971508341382, 0
-4.634262322952612,-0.8289800637579692, 0
9.730034564494673,-8.279479942636105, 0
6.616594203502949,4.1958539757605156, 0
-1.6806873521775838,-0.9162865874875301, 0
-2.908062677884635,5.384360460267111, 0
-6.982494072482761,-9.54265104748702, 0
8.722463197258964,-4.605160481129769, 0
7.617568489158984,5.044106636639922, 0
-2.6867533998127673,7.568320981564007, 0
-9.361635839503993,-4.254285525422823, 0
1.1932011064420305,-8.437139999207622, 0
6.789234571058536,9.56426173864455, 0
-5.721277597759446,2.632792955963172, 0
5.005708461628798,1.6723953770012994, 0
0.38508697845550444,-8.75933262578429, 0
9.759008603397973,5.2646562954164295, 0
-8.096535726363003,9.467058698125523, 0
-3.0282894428651153,5.250822907739796, 0
-2.693353312015865,1.9341817008585203, 0
-6.736987957846603,4.714910825531035, 0
-7.535324681649714,5.04718277341154, 0
-7.356252765011437,1.3929756330923038, 0
4.800244504709957,4.395975561908589, 0
5.264594408437958,-1.220695063715132, 0
4.758739508894834,-2.328239821362132, 0
-2.2878727285454747,2.752352885391158, 0
-0.7985187052477407,-4.376373057170426, 0
-9.942135709553547,-8.120027457556528, 0
5.421572040153158,-5.2659085466790945, 0
8.689390988798234,3.2981015128991036, 0
3.838148324635366,4.25256811756643, 0
-3.168294415954758,-4.590926047126982, 0
-3.0536021741203356,9.600815430799614, 0
-6.98893278925129,7.745559282818878, 0
6.897092991048556,9.61181970508213, 0
2.8027411538927183,-0.48298499916126403, 0
3.0080896011060165,-7.7602767010860285, 0
-3.4277737159129344,9.438943082516843, 0
7.115980069253588,4.207641424224667, 0
-1.615519766638414,-9.295973070287467, 0
-5.536784231936942,-2.030491388843661, 0
8.774584580501656,-8.944944903250462, 0
7.53165431574973,1.848681832100386, 0
9.794315190964362,7.206402409672016, 0
-2.1864843125886724,-9.124529883513802, 0
0.6709625892817854,-0.4505714384356896, 0
4.967263058237625,1.5704629277773758, 0
2.2545018759258113,8.04733073974835, 0
3.631930109088014,9.688203674158359, 0
5.8285907902247125,6.257657536611163, 0
-1.7495563075878415,-2.138699179985024, 0
-6.64696674160796,-6.796478355832027, 0
5.279862432115408,-0.756867205159006, 0
-9.810370342952645,-3.8109313139906416, 0
-8.10748977361123,-6.860269407500239, 0
-3.321822678767541,-3.1049911495079385, 0
0.4399506905803108,1.4134638964215451, 0
-6.486103294377199,-5.666567553968552, 0
-3.056657378395129,1.623132459239562, 0
1.1888444984609698,-4.842972703785873, 0
3.456215534829175,-7.614781448826447, 0
3.2993211343481317,2.3641447581509922, 0
-2.865026078667217,-9.659400884999737, 0
-3.4065411773722287,-0.8300232593649781, 0
4.779805515776804,-4.660366897344375, 0
-5.29703453340705,-8.441863034313856, 0
-0.6192339475209891,-5.192514295401384, 0
6.758521407288242,6.457958083254489, 0
1.1231376981745775,-7.036022429356983, 0
9.016257616796992,-6.235630525894238, 0
2.2158569944251063,-9.108520908453343, 0
2.7162704947391703,-5.042539993910733, 0
-4.429080327603274,-6.701169979160058, 0
-5.447805651606002,-3.0455097299283285, 0
0.5950917491355128,-1.4537097524004228, 0
-0.4593653380264726,-7.976318670411365, 0
-5.881900436260485,-4.02571162872702, 0
1.1062699617189136,-8.194756243766516, 0
7.460667939883255,-4.4263462304248735, 0
-8.037907730849298,-9.828597137591608, 0
3.4660736691127436,4.556878698300462, 0
9.286969033254394,5.616695368622748, 0
-0.8311437564284638,1.508328434072613, 0
-0.34521465502967885,-8.19207662661409, 0
-7.9388515228502605,3.4580880164049965, 0
-4.795260501438561,6.097289796746001, 0
-5.7457909871165675,4.289112580415564, 0
3.5084742626532783,-3.2749520486174006, 0
8.087869521321917,1.9424282291553947, 0
-3.882889499998205,5.568844957956166, 0
-3.191057788714824,4.799110519519205, 0
-5.911506778912665,6.318798279014871, 0
0.2073937871909699,9.115569219759834, 0
2.9289487723270113,9.583915907681703, 0
3.1579815249395455,-1.4132559766738328, 0
5.912563688104546,2.5990842125035947, 0
-9.545177683217037,0.5302591382810213, 0
5.081463707300632,6.9219626725245895, 0
-0.7158546425418031,1.112795943956879, 0
7.775120499964821,5.646642502075261, 0
-0.47068058463053397,-6.788394385652383, 0
1.9749714399823972,-6.483027717000374, 0
2.585641126918084,-6.961779112663007, 0
1.385272825292013,3.5881753151857865, 0
-4.140832097776026,-7.93891471531542, 0
3.24454229715416,6.126277869973716, 0
7.950722185978485,-0.8208476016161441, 0
-7.970564610357651,-9.735003398951573, 0
-5.420388488409906,-4.656141090972681, 0
-8.800815523293526,-8.897775984218727, 0
2.662686805707894,-5.270826497273184, 0
3.8344103724671577,1.6459765820003014, 0
1.3465699119597403,-6.328246577756431, 0
-9.094852151272336,7.357326055614141, 0
9.951781290402426,9.329280754859791, 0
9.250200770656079,6.004862297955249, 0
-7.558879138151619,4.877039240560599, 0
-4.78706059877646,-5.401526303608022, 0
-3.208015475821437,5.1883374282952825, 0
9.405537943140171,-7.8351932119995364, 0
2.877753188465256,-0.6263231801656524, 0
-2.9798923430740265,-4.905181108335621, 0
2.0301997003069125,1.3081743645343042, 0
3.1284731231771605,-0.22337220179161932, 0
9.67674702218764,3.8913718918055764, 0
-7.777999318762916,6.832188130525651, 0
-2.7438771533456023,-7.676521501081853, 0
6.3114395060070585,8.193089573540227, 0
0.6868582572426511,7.015808682946783, 0
-6.530050303278198,5.715431501482332, 0
6.239875223294014,-4.465818769701915, 0
1.5722229072420912,4.845192830468383, 0
7.81276689478333,-8.523634893041761, 0
-2.6764680590168366,9.544680076714332, 0
-1.2544779848699363,0.7844630521752816, 0
-7.948549488170171,-8.956266284611253, 0
-8.808618559041651,2.9540920959187, 0
6.65756322208183,8.465094165295376, 0
5.227860915855869,-2.322477245128014, 0
-3.138182844637571,2.8754066507393805, 0
-6.3437356430736696,3.1301648219548017, 0
0.2736127270086808,2.191275120690152, 0
2.913904665851671,-9.045866535886816, 0
-8.284470813058363,6.148586127300799, 0
-9.873607060847288,2.7092237869961338, 0
9.614021444796588,-0.17159608411104266, 0
1.392053966658068,-2.031319273334158, 0
-4.612759878673691,-4.257128022420216, 0
-4.270915710888765,-8.615065206892304, 0
-5.217022139442369,8.724470555360483, 0
2.7562563484743237,0.5762265467403989, 0
7.444651033425028,-0.297169672806616, 0
3.164885864819574,-4.707093622473306, 0
-1.109265352012569,-0.16228808539047357, 0
-8.965082331882392,-8.092098849662563, 0
3.2864084915019056,-2.843001986890707, 0
1.2505611295887675,-1.2362751537255434, 0
-1.502370705440164,-2.0749407250676954, 0
-9.848368077562446,-2.273190128052393, 0
-1.9776002987637327,-1.1530819398332248, 0
-7.554614252777936,-5.789538722486885, 0
-6.908211311388719,9.47761744820341, 0
-6.161110211222622,9.525595580862067, 0
9.936729065434744,8.457112068885586, 0
-9.750476812598832,-6.02628450810159, 0
-9.897028540874729,-7.837397716596792, 0
-8.123504343303544,-6.954580409933399, 0
8.112470278450274,-9.323413859239055, 0
7.951064197375551,1.7048622893164573, 0
9.069961042055738,-0.5220826467474531, 0
-8.623018070395606,-8.565568826060803, 0
8.437081820516099,-5.435813359724902, 0
-2.336487478206772,1.440381216808353, 0
0.1651638226841854,-4.5908728543166895, 0
-3.443231645633693,-4.4743061880712, 0
3.1616012691397763,6.48200474152889, 0
-3.564426593130616,3.2815751192357574, 0
-5.494782586014953,-3.077709890295961, 0
9.492791744877401,-3.3769180248136337, 0
-7.176975063692481,-4.905110735904435, 0
4.611991024481728,-7.674608423169427, 0
2.674975066558412,-8.566820431914397, 0
-8.985643999856238,1.1681248103898145, 0
0.46814450481423364,5.427158822641614, 0
9.989080940502877,-9.475410171161826, 0
-7.057283236799627,-9.000527097928611, 0
0.7582023404633595,-8.130325118508352, 0
4.983662465726393,3.7953775609892197, 0
-9.732419348261296,4.091118135568063, 0
-5.888486171503007,8.62222441674572, 0
5.843360714026865,-4.131277436067872, 0
9.089170120301223,-7.989455925803142, 0
7.638333318468046,-8.381151118390504, 0
8.354419568653377,1.9745510154887072, 0
-1.1471023302567733,9.868461888607108, 0
8.559462742182873,-4.043767576246003, 0
-7.8279013124376355,9.464245858469408, 0
-9.686772970107802,-7.323510845933923, 0
1.4999919989461539,3.9132601679887635, 0
-4.816405980318215,-9.577931453689661, 0
-8.570497321888348,5.588498742803665, 0
-6.263165191405289,1.1424292015934547, 0
4.631115215396042,7.869423072740172, 0
-4.986511648282914,4.41481992944167, 0
-8.57827510563239,1.1469407085663406, 0
-4.1941549602328525,-5.118699895644918, 0
5.681628513317982,6.141297258468011, 0
-8.536563121971463,-4.406318312050224, 0
1.756543998738362,-2.4799245856506413, 0
-1.5536423646785291,0.027562462599565407, 0
-8.180544694121307,-1.992523181526698, 0
-9.245830150107013,3.6557362347294813, 0
0.23538450598536365,-1.3026230586485994, 0
8.974072115505205,-9.183663992920174, 0
-1.1117772612560834,2.5591971095063766, 0
-2.4016229932145716,5.2404959140960745, 0
-1.8202075176415562,8.029767726214057, 0
1.758219046200228,-6.710036488012325, 0
-5.9758315739433465,8.216957495802642, 0
-0.9202100423747712,-8.440425628119645, 0
-0.8530724796690379,-4.95411166906014, 0
9.878214041641751,7.724133026399144, 0
8.775201556933933,0.30895706781312704, 0
-4.476977594518241,2.3221608829737743, 0
0.24300115427726077,8.155137504139752, 0
1.4945587833054397,-2.4461283804366696, 0
1.1185271151601395,9.036699698031896, 0
-0.2849851574153828,7.858198462360303, 0
7.835108839322945,-4.269586071759306, 0
0.28722279002641393,7.020399004873553, 0
9.302702074868186,-7.841483257697403, 0
5.295131352174769,5.000601100301566, 0
9.150515155728915,2.4670881401036038, 0
9.661586356599202,-6.629633389480196, 0
-2.7623728154368843,0.40086732454598994, 0
7.6066504294231265,-8.258635354786136, 0
-9.128491791800489,2.2846977242219264, 0
-5.1811397053819,-4.311931482524749, 0
-5.1367494147296044,-9.173827186438032, 0
-5.349019625562292,-1.6791535519728829, 0
3.730398266644226,-1.5688509627075469, 0
-8.801810898502996,5.270446084895358, 0
-5.52213348959633,-5.513289297518393, 0
-3.0079284840530995,-6.101893002889753, 0
3.662566148114239,9.661837967589229, 0
2.364481818967448,-4.477430836244006, 0
0.8022677189372622,6.273793129870377, 0
1.9500449070641253,-6.939523215891093, 0
4.76770652743156,-2.7353545733079017, 0
-4.193065776937004,5.410536151000279, 0
0.42401905522672045,-2.0190432433346235, 0
-7.620481357064479,-0.44777200595913236, 0
0.7506397105739779,-1.298943156509706, 0
1.0868647465284518,1.587470140902127, 0
-0.37703654111702534,8.642104423205971, 0
-3.64660750300321,-2.4000939312201037, 0
-3.4458449553853647,7.532982273903123, 0
9.48074011050489,-7.407341700881355, 0
-4.521822746373405,2.2190541747865886, 0
-8.562019056483766,4.939040991124086, 0
8.421149801042706,-6.898142901616733, 0
-5.246698265835848,3.3577970107427006, 0
-2.424261891655844,-2.045054157276363, 0
0.9723598165199583,-9.279414499224622, 0
-2.9038327203688796,1.839466501144532, 0
6.43691731149433,7.356033982239403, 0
3.568738580914628,5.801210758537245, 0
-2.9627632256534664,1.2832005007686682, 0
-9.498191237115208,3.1312852527508888, 0
-5.871406521834874,3.7683110417465358, 0
-1.1119885960485796,-6.102933513232012, 0
-8.463258928437273,7.290389012692806, 0
-4.848987637084095,-3.5114244576234714, 0
6.249806989418218,-6.707652144230931, 0
-0.220036368145891,9.951033899237238, 0
-2.5239430702099046,2.0010040725994767, 0
-3.0448282046836805,7.93110359296027, 0
-8.664432817587294,-5.53684186114107, 0
9.854785155132802,-5.486938711040528, 0
-1.0923328749430397,1.7491153781266018, 0
-6.048938177826955,-4.737849546572233, 0
-5.78286815994155,0.4805887481280422, 0
-0.3506359676235711,-8.77180545694096, 0
-8.42511973285939,5.672058148073679, 0
-3.846910461093649,-9.997947954224593, 0
-5.796801610052196,4.033441467558717, 0
3.641122831755739,1.9865954298862665, 0
4.042757414213627,-6.301262088330899, 0
-1.9334860538270089,-7.939235526342321, 0
-4.463594328935246,6.402716337193777, 0
-2.0705660965837636,6.265461229467974, 0
-9.4961752611436,8.082868963832833, 0
6.462792838291019,6.930776447822385, 0
9.446174462205931,-3.6063587906173877, 0
7.587864261605581,0.6333524728243454, 0
9.69094221542765,-3.884790350704481, 0
7.992231887369936,4.125473816165464, 0
-3.1811936587912015,4.777947820972637, 0
-0.8728494506439315,6.97144762884551, 0
-6.915082397304458,-0.5631857182412965, 0
-1.1393617896486852,6.200019489430325, 0
6.416242371204575,5.043054101300193, 0
9.996495455192722,0.6252312043964388, 0
-7.551124610117286,-7.884381837633332, 0
-4.245364055175704,-3.051182918989541, 0
6.484073364614645,-2.8307761577923563, 0
9.026981954359346,-5.2955800284806465, 0
0.9819142432901202,-4.703421911148307, 0
-2.585458325065635,-8.72772034037607, 0
-5.505136886024555,0.6921629728908236, 0
6.684989104874877,0.07674560191514068, 0
6.605239327132011,8.921648832627184, 0
6.770328935178036,3.3578911531783895, 0
7.922441542761231,0.4797438465542676, 0
-8.921746217023447,5.999148559928258, 0
8.784385240230105,6.432680332605109, 0
3.8749713318971395,-8.015971814814431, 0
0.5722390650265581,-1.3123018661010217, 0
-3.5941238635122748,2.605861821439479, 0
2.0301204134059923,-4.9895660547818, 0
2.82827350004316,-3.933069737942809, 0
-9.767806852497397,8.460458306476681, 0
-6.456669865336197,-7.361786581533507, 0
-4.555841351150911,-3.695216685069253, 0
3.7626854646685626,2.672132761522141, 0
-4.659073179397451,-7.467254964077092, 0
5.196597138810752,-9.723712193399974, 0
-6.884399153603988,-9.56813773329797, 0
8.743913679899183,-6.0737967077626305, 0
6.316372420903701,-8.868838457090693, 0
-4.519654807181716,-8.981432208987181, 0
1.0399898330294057,-2.036288305990923, 0
7.198680001342122,9.616095863098277, 0
-8.87511129442978,3.552204306057128, 0
1.1971494355172716,-9.044482515436389, 0
2.0581552490267114,-3.2084155141911914, 0
-3.9491618472389973,1.1590407943575816, 0
7.974763589511792,-8.424929080689289, 0
-8.675969853769729,-6.5952737710092535, 0
-6.113326371956163,2.795005696500958, 0
-8.98049732776739,0.6390388591147538, 0
9.558315403022736,2.296349006855923, 0
1.8614732785208936,-2.038491543319479, 0
4.617970785237304,-0.03880516497885189, 0
0.3062043415538298,0.7244803962117601, 0
-2.471095819706286,5.610247529045003, 0
-9.536029182371104,-4.625325115393801, 0
-2.1938246780777027,6.731115695055667, 0
1.9430018819708756,-5.104783679202855, 0
-1.8415080566666635,8.642659404427697, 0
-9.992608146513216,-1.903537172313161, 0
-6.453318869187519,-2.3252159652987086, 0
-8.312718951666824,-0.9944446575760875, 0
-3.9548554210587987,3.4422048979749853, 0
-0.3884701478407493,-7.5683104732334545, 0
-5.941090058226656,-1.1255443999558583, 0
-2.66452470554448,9.429325665998064, 0
-4.847660314647415,-2.138138173046073, 0
-6.285592103063227,6.724345204862708, 0
0.5471451828465685,9.113038979738988, 0
-0.39657246000958146,3.4259593383447786, 0
1.4400121636237078,-3.268819648459898, 0
-4.805618581656161,-3.7582645495162437, 0
-4.737673520852404,8.930355680375904, 0
-0.47682322558836177,6.537709724921161, 0
1.9054729876429484,-0.150727249063058, 0
3.8642766777596513,-1.472243520557468, 0
3.5653435066499526,-5.09347975876975, 0
-7.358737327454117,6.641082357526489, 0
-3.062681516240664,-8.554367883011064, 0
7.999542477866427,7.61217845199992, 0
6.4662303271122,-7.206654932522023, 0
9.396231845124806,-7.237653575466729, 0
5.527354731708476,8.20458103130385, 0
-4.032376927032515,-3.4243685349077113, 0
-0.8534311500476122,3.6671567501100615, 0
8.526858121789573,-5.831788112310363, 0
-8.858717738205709,5.116021997015608, 0
6.434361198310576,0.1671449157257463, 0
-5.931785493063821,2.518272140362722, 0
7.411021373401393,4.345454998103577, 0
4.541266230633909,-1.4178576264042775, 0
-9.754870527198399,-8.870419279880865, 0
-3.7814155597764953,5.089155011757722, 0
-5.883695695472568,-2.229102024935057, 0
-2.390359472890937,3.8102927654000815, 0
3.4867819013271877,6.104635914951558, 0
-8.023367296753507,6.468201060503624, 0
-9.451810920487983,-1.8555263735177778, 0
9.842660573599872,-4.641608166120705, 0
-0.858569298906815,0.9193633012827096, 0
0.774214109734416,-8.661885051633213, 0
9.350421199461252,7.790900545304172, 0
-3.642345625883376,-2.5980419815326012, 0
-2.8593219360252036,-1.478938850737343, 0
-2.147853749511224,9.915467070257577, 0
7.2599600050879225,-6.782086467339205, 0
7.24198789032674,-0.38317722685386, 0
-7.337329471975124,9.876507787370397, 0
-9.421519013405158,-1.047186405019847, 0
-5.279871588400877,-4.602328781553451, 0
-2.342683425603429,-6.504322497910133, 0
2.6083805728006926,7.253681824355283, 0
-2.0051266139207735,7.860409548483101, 0
-9.615123481986226,-2.6482867233484413, 0
-2.9206151463480667,4.761831892636826, 0
-9.378987705266972,-1.686473931783528, 0
-3.108960516434845,1.92441506241909, 0
-7.8234800980785995,-8.597309327660764, 0
6.608065119973926,5.436160647227714, 0
7.066198894922167,-9.593445714727125, 0
5.585498989414823,0.7591448827359315, 0
-7.880774449134485,-0.6233005919749424, 0
2.000465497420427,-9.524557297311807, 0
-3.144542913964754,-5.867454335354831, 0
1.2045997059688993,7.1545479675407435, 0
4.776367267388677,-7.616634242305993, 0
-4.330347267401775,5.520498648636265, 0
0.9308220512947898,1.532072629298188, 0
6.231371103395517,5.785776866144321, 0
2.978808169577123,3.8872060233870975, 0
7.312186585437953,-7.085053317227055, 0
1.2588781477899538,-3.698810756081274, 0
-9.999136925153888,4.982396093311785, 0
-7.725608448160979,3.5014216839173713, 0
2.7132371020040296,-7.671431940700149, 0
2.4235383440599456,0.3280115564582182, 0
0.9451109521544652,-1.9369791163649346, 0
-5.176652587842174,-2.6810767239352966, 0
7.510310447885761,-5.638260399471545, 0
-9.592712451416528,-5.381710898137724, 0
4.634251858933441,-4.390564937130348, 0
-6.367973714147867,-2.607439558300559, 0
7.047013263148003,-5.4165852960261685, 0
-8.604278885440984,5.492619214864094, 0
0.14020967053112798,6.861836197626626, 0
-5.4077428590830445,-5.769660896834599, 0
4.157045187606933,6.196970942428006, 0
6.938169434197459,4.482730033992999, 0
-4.514673491964509,-5.9834353035237235, 0
-9.654741264764105,2.24854754126606, 0
-3.001286271888679,-3.0444858771651306, 0
2.3395781181713655,-6.83489432899449, 0
-3.508700905870219,-0.20336410392386917, 0
2.51514926774526,-9.158773158786795, 0
0.9216415112103,-5.303856532800671, 0
-6.595815184208648,-7.2887392829232445, 0
2.361147886868622,-6.0803915745511095, 0
-7.285924558591463,2.4964254643750188, 0
-3.362985772215586,-4.920391102654349, 0
-3.2940260810850948,3.8330263779966742, 0
-4.335814123921775,-6.979314662346838, 0
-5.0059627344119555,1.669196612261869, 0
0.5081057683255015,-8.096332349172839, 0
-9.4277019185581,6.24533398102799, 0
-0.7651834715957673,4.87388065442007, 0
-3.054352192076788,6.0938661545046635, 0
-8.600268312224216,7.155927720297367, 0
-3.5326446891765233,-7.316710514357741, 0
7.951186641540573,8.073877961003067, 0
3.8288485947209807,6.972669730902478, 0
7.653141266032851,6.618644131276568, 0
6.803290485270171,-9.386262295001806, 0
-4.706831407432375,6.909633577225154, 0
2.5995565151906863,-9.60728033126938, 0
-9.791338109467889,0.27103198450536503, 0
-7.80439750997751,-8.53476519263549, 0
-4.20704702466656,7.33522413307141, 0
-2.7391646746318283,-7.362291772659542, 0
-2.390316382953028,6.01635492411971, 0
8.184754745765417,-1.7601640233178646, 0
-1.9088372187629332,0.5163996526736891, 0
8.648595482603088,-7.464672104392447, 0
-2.9954666024400023,3.257879112236729, 0
0.3586465546423021,-0.5852771502255365, 0
4.344503446435564,6.845227222870566, 0
-5.874127563500244,5.112435076841715, 0
3.5344537095048327,5.190923626774728, 0
1.422821139536861,-9.390469277848922, 0
6.396773787966644,-7.0605117812313845, 0
3.1249713753367807,-5.8298281231587, 0
4.555749545863737,-6.605544783835269, 0
-5.9467211278563825,-6.642071830389944, 0
-7.675566440041237,7.120535684288512, 0
2.457618957358667,4.249681055253028, 0
7.265291380487881,-0.12277758703102215, 0
-6.097546782784837,-5.553118744828334, 0
-9.254938641960733,-2.200181780541925, 0
2.534628336772256,-2.510596191904348, 0
0.1990128759091867,-0.3253895258447237, 0
5.465239377329386,4.58059629584387, 0
-6.297327913306317,-7.903723512675713, 0
2.077274155494674,6.3490431119582595, 0
-8.075433817751776,-8.152787693203097, 0
7.79178229182391,3.613607645472424, 0
-2.891841833917626,-7.416617420249922, 0
8.210733001977722,5.8410930661282645, 0
2.8050645499486944,0.42760705841585356, 0
-4.89485515912278,-2.897791857127647, 0
1.163292008661866,1.1641919444079374, 0
-5.00100117891294,6.9907571959338775, 0
9.541259791449683,6.357972847689982, 0
-0.8258832436305426,8.51904264832823, 0
1.9456098468135288,-8.734362181868764, 0
6.676012171625054,1.9679334631564043, 0
6.34868208350586,5.636802622198129, 0
-7.776065993018786,-5.183285651465017, 0
9.752691061462254,-9.799756266523197, 0
-9.954662709952176,8.997832356748557, 0
-1.7124320814547112,-0.7524021451494463, 0
-0.9573099405860255,-4.7317356880457755, 0
6.323170148797487,-2.1040012438275095, 0
-1.3145742540581686,-4.90565990127976, 0
2.0710818312948565,2.989521109037101, 0
-9.521350664575934,-2.6488575825437195, 0
0.2126647396120145,1.1092679903094371, 0
1.341095398899224,7.11366307019593, 0
3.456092422880971,-0.3332246456291337, 0
-0.8663528190969672,-0.5310328932552402, 0
-0.5588053190245805,-9.417689083125193, 0
-1.311286012803743,-3.876692942344288, 0
-7.227168019725512,0.19837099071410513, 0
-8.377153999237283,-4.652805340530071, 0
3.1522996259297003,7.398536327868168, 0
-8.658878021352203,-0.469970812326876, 0
-5.303086266102312,1.474716929762085, 0
-9.412100788401112,-9.884624678580211, 0
5.863806708544814,-2.8237706903040376, 0
-9.294087636992094,-8.135649446065539, 0
2.101659005923274,-9.43060489231321, 0
-2.2943581356135496,-6.213856368106514, 0
3.2403031036279657,0.6086416264302059, 0
-8.125471638034751,-5.081179373089562, 0
0.3518069080300119,-8.145632351231667, 0
0.03939051104052638,-2.4796276436265607, 0
-2.0069318925332347,-7.044384908235754, 0
-4.70084592282223,7.620676710452443, 0
0.6793126445389834,0.32707641051355196, 0
0.5350126261074895,-8.134044591167838, 0
5.102186229502514,-9.419396370781353, 0
2.4339614594241397,1.4553470163608004, 0
0.7067297120485421,-2.433252868008447, 0
3.989293738137082,-4.579569113023572, 0
-3.1974809136634796,3.444336121395292, 0
-1.1377139097799862,7.23718195485899, 0
-7.966769099916546,2.1364604133542464, 0
-2.7573247279971502,5.025922735673243, 0
2.682205469497916,-3.8626067298232414, 0
6.894198385348744,-0.02462113505567487, 0
-8.626706311471619,-7.352799977004065, 0
6.476847062620827,-1.8167954534104105, 0
7.181554017413223,5.323639536356238, 0
4.015974489537623,3.3987394857549376, 0
-1.5541946870361834,3.245000154356026, 0
-5.160765032788408,-1.9327501651659986, 0
2.3120624602421067,2.2188822828204593, 0
3.40473754246206,-5.380154800149935, 0
6.2578307838376155,4.633187213250045, 0
6.521249410269913,2.2997121288595466, 0
7.267328317075897,-7.85722585818853, 0
1.403901047478291,-7.1157269814694875, 0
-8.570988328467472,-0.6367818311075819, 0
8.547863742144536,-5.69596937395374, 0
-5.980098595108377,-1.174139807405579, 0
4.076822888687598,1.9140721767041953, 0
-6.761529934201853,-3.393840625532345, 0
1.7481251258919102,9.12521910408914, 0
-0.47511639176955,6.204080998741773, 0
-0.3076878694967924,9.260659651146959, 0
5.963000902112356,9.384886462957606, 0
-0.7043353292179368,2.7188790937092673, 0
1.018844418180219,6.927810847972609, 0
-2.487610855379632,-6.115835079256278, 0
3.2972960218831773,-8.86306828535427, 0
-4.627592413907431,-8.400893500411701, 0
-5.174698454688831,-1.3262642000302964, 0
4.589999084889804,5.865495311870973, 0
-2.9019121431096417,-1.9928428259432156, 0
-9.271692978202346,-3.659049195215756, 0
-9.225594520071912,-5.936639981361591, 0
8.902764137320055,-5.71831838606824, 0
-9.017182486524042,-2.201118985450008, 0
-2.1806844806717613,9.104970597156022, 0
-9.795189474689712,-6.274991194339162, 0
-0.48221198097657236,5.773001756129645, 0
4.770855391929905,-9.069142747375771, 0
-4.4816968587838435,9.532306379583197, 0
8.89040660334829,5.932109498339699, 0
-8.171537053059975,-6.9165413370347695, 0
-8.160649284623718,-0.1328610267588246, 0
-6.477479668066792,2.56378673170188, 0
-4.475302608346889,-9.782931642022268, 0
9.316754321029745,3.6437258653859956, 0
0.2738962598986543,-8.32974513153765, 0
-6.770573124261641,9.180722248833678, 0
7.843120909429242,1.9995808404445619, 0
9.18184008886331,7.767521372931693, 0
-6.922351476194011,-3.302916573601804, 0
-9.725690028694016,6.895747256115911, 0
-2.7962732719550782,2.7390062845131666, 0
-5.474718350467425,-8.934462690355673, 0
4.168036818185591,-8.455246664797393, 0
-0.4296897761306795,9.281092080081585, 0
4.699555093622433,-4.360943798985934, 0
-7.005796337177836,2.972068201952972, 0
-3.230593296518922,3.264147431187453, 0
0.5516962634597959,3.6699716030811267, 0
-5.6608869974114135,-2.086685219730944, 0
-6.24931580474283,-7.6175739361830175, 0
3.2973704020197268,-9.788851125027184, 0
-5.434661075842664,-4.3249787706884995, 0
8.746969187153574,0.4496340736546305, 0
-3.84602394591004,-7.025087669278962, 0
-6.325023931746543,1.511352163769823, 0
-1.0926053072139226,4.334870699169006, 0
-6.504222991344298,1.197040386733919, 0
-8.363977179091686,-0.7464101688185458, 0
7.603936769355315,6.229657568646733, 0
-5.204950264454327,3.852057719603753, 0
-4.551271794994609,-5.050028448582459, 0
-0.6863614788308752,1.7382707671823674, 0
-7.866523838706907,-2.7432089465332528, 0
-7.610783943908814,7.9103209695831005, 0
-8.74021812149148,3.56475289299963, 0
-8.28473322583715,-3.2722631636803046, 0
-2.2894196031212344,3.911222210856513, 0
-1.5497763733882088,9.497294079527027, 0
-8.378812447383275,4.126042123908624, 0
7.397466874638951,-0.23026765371586677, 0
1.7048588556629518,-0.8564451520994503, 0
4.499740301198415,-3.6878861644805934, 0
2.2552975957894876,-2.0049230291803033, 0
-8.957403068701046,3.0312833323958106, 0
6.761900508654328,2.732075226115171, 0
9.367995829167398,-7.187622156989722, 0
0.7705609883010602,3.0814945493608583, 0
3.9981844736812775,4.763167877426781, 0
6.431986153565731,9.59591212365535, 0
-8.309123563181359,2.0631233812622174, 0
5.718011897470925,4.806076789288973, 0
-1.7493267224452431,-6.386221600796047, 0
-1.1875393298838048,6.8885676398792555, 0
-7.664287021222704,7.750932046769815, 0
1.2437187680775956,9.075778547263454, 0
-4.490155657747494,-8.889092166190014, 0
9.117900381412273,3.701368387923665, 0
-1.31067888990043,7.244446094074938, 0
6.306064141684693,7.893322889199826, 0
1.459205251743489,8.042644598534402, 0
-9.993542318817784,4.680417621483702, 0
-3.422551052760234,-0.48576486814394926, 0
4.9436893422105115,6.5484857844851625, 0
5.618195654287213,-8.516539406209198, 0
4.469845892568591,-5.038291343073933, 0
-1.7857301609970868,-2.0659757692517484, 0
-4.597367604103204,-3.8544022121169057, 0
-9.959684865753841,9.429669540725346, 0
-9.656551089322589,-9.346935323998196, 0
3.8630352810764457,9.248745405316619, 0
1.4360694642063905,-1.279551442944559, 0
7.275029344802409,1.5864299406843614, 0
-9.820451493721256,-9.35698659184321, 0
2.4884608531582195,3.6888463423325195, 0
6.736324675673519,3.019407463938604, 0
-9.904023136556583,5.736751609197114, 0
-3.1958224741538332,4.5154054770562, 0
-7.093793729483346,4.313906307570791, 0
2.5922524052638085,7.551549617667064, 0
-4.24353124159153,-1.3787800726923205, 0
1.0703202488827195,4.80940740915322, 0
-4.057824592201868,-8.401820473769694, 0
2.6878180277047683,2.9020574433080455, 0
-6.505273741845603,3.645705023875969, 0
-3.127427407196488,0.4684131873439945, 0
5.653453995976154,-2.0688106546392255, 0
8.34759874106689,5.579326049869664, 0
-0.9303846727126519,-4.534278203109174, 0
7.226225245384931,5.997746895969197, 0
-8.30808613808138,2.8508267339458797, 0
-2.6040264289798776,-1.5814604207447953, 0
9.29031478915315,7.182038523102399, 0
-3.1475302216912198,8.269366986755923, 0
6.767480472631171,-3.959117876923859, 0
5.581027264443838,-2.6967769360434835, 0
-5.487464371858528,8.197436106334209, 0
9.800096652589794,1.3398283712549066, 0
-9.926318259251733,-7.091009091613996, 0
-8.257575983051606,-6.22361029248456, 0
-4.998718199459693,-1.4833218348283346, 0
-9.077888611119413,7.7909958732209645, 0
-7.764118336779784,-9.293599928666767, 0
-4.684688053658106,-8.179594111304105, 0
8.28214830473166,-2.6175753336058882, 0
7.220938423106858,0.045426164310791606, 0
1.2831236909497896,1.8846208181475195, 0
-7.936441672422907,-3.8809810842974013, 0
4.747849446097447,-4.498823587592742, 0
5.411180844902326,-7.0320989921074535, 0
6.571595507603227,6.302859897077383, 0
-6.277467544385176,-7.402040470985128, 0
0.8870281866091556,0.007968665750428983, 0
-8.895208322659215,-3.4976991836303046, 0
8.092100434469774,0.3830394622669342, 0
-8.806356805899515,7.587120562183898, 0
-6.495919342148266,7.092598665404914, 0
6.338836816168772,-5.596406412944635, 0
1.5357201083587757,-1.4615438159043936, 0
1.99598065104089,4.16154007238938, 0
5.037600532110053,6.998586506783287, 0
3.8269600866873255,9.081041885737694, 0
2.2883936728572216,8.591174654486839, 0
6.9291867928870765,-6.4546464263659065, 0
-8.528656433892731,-7.577297753268233, 0
9.003001079396341,-9.830644084525291, 0
-4.218383589137822,5.663290754875739, 0
-3.574851482561561,-3.871542078596198, 0
2.8368575212274667,4.887512350994292, 0
-0.2450772300709918,6.975609168275099, 0
4.477058739257924,-9.900969695336958, 0
-1.2853355339620105,9.841956625017161, 0
9.1822852768836,-5.953913171637852, 0
1.8309484044928137,-2.8646023676806776, 0
9.268269214895621,7.026977040227294, 0
-6.591109783320768,5.464791839294612, 0
7.398661006186117,-0.45365517767060837, 0
-1.7127651252587803,-9.54111620894822, 0
-7.372504316250003,4.2463749973749, 0
-7.661355758983685,-5.298434973094057, 0
3.43794229727569,-9.40361737260648, 0
-9.969576509319506,-2.7993060751697847, 0
-3.852948788971582,5.792836567290285, 0
8.74852511552421,-1.5549266799935264, 0
5.268650084979667,6.755290505179065, 0
0.7537424506298347,-9.253342298655621, 0
-6.3177664653090115,9.031810351400345, 0
9.897529801600918,0.6075124146152753, 0
-4.099539184893555,0.9713783228232327, 0
-4.385514411114315,9.561578184943464, 0
-8.894100549673007,3.645052581300048, 0
4.656745627749183,1.3131309029665612, 0
-9.383036294999158,5.754583363416492, 0
1.302052753642716,2.43817317507985, 0
5.42298956704551,-6.837238431789716, 0
5.440993394693239,2.9077085549995303, 0
-1.4302363978099102,-5.402240547879429, 0
6.091943156312514,8.296590625913122, 0
-6.664417808717276,-8.649721317803321, 0
-8.623846676877648,8.111569111598271, 0
-9.598805016749644,-1.9352330463020309, 0
9.376127312921351,-9.053001451277607, 0
9.372616779341463,8.15805597283337, 0
0.359625986270121,-1.8686008012225503, 0
-3.7668562140930213,2.156616709269265, 0
5.378241707279436,9.976721434608024, 0
7.846541250855974,-7.42962562640683, 0
-8.937237450281879,-5.61528319039466, 0
0.3300100771118597,9.155701487570227, 0
-7.384880550597814,6.822426309151442, 0
8.006931824909618,1.8611386375219912, 0
4.401280765672732,-6.854280471592109, 0
-6.507143242695232,-2.4058993062137812, 0
0.9946878490827586,-9.927771797737538, 0
8.433274368255052,6.744310581209422, 0
8.968974952028638,-7.1863736899675885, 0
6.267069886733051,9.484426940940665, 0
1.6375520490420126,-0.8838533813068175, 0
9.194588782661551,6.7340069969658565, 0
5.109948812474876,9.9524341699179, 0
-2.06795903513118,1.546879133945012, 0
9.466230711724247,-9.27999358000562, 0
-4.454748608194898,3.0644315610489237, 0
2.1519495129113846,8.85945351835381, 0
5.21556710364025,-7.858285390381541, 0
9.499281429038437,1.1410734557353237, 0
-0.041327021793897245,3.650597487519086, 0
-5.305756134028892,2.1019534766898573, 0
-7.920420026935093,-7.6029071361282, 0
-7.5311830470656815,-6.470016126250111, 0
-6.97591932487118,-0.269873110646774, 0
-4.8442996863272185,-9.49401342796003, 0
-1.889973120021784,5.406970525490335, 0
-0.5110671674455105,7.726448871377968, 0
-6.596874335761173,3.3629349047252166, 0
-3.111921619672944,1.2915851050314942, 0
-8.21937496253989,2.4201703633284133, 0
-4.275096154940432,7.301542663565911, 0
2.969890160895554,-1.76069142419637, 0
-5.715942215409482,-9.207092146421466, 0
-3.839209573570697,6.195916369924603, 0
-2.6494414437403506,5.73621174168939, 0
6.277080639283433,3.9696054074423053, 0
-4.103894943265727,6.734184453112661, 0
-1.951259874369839,-5.876705814129799, 0
9.521418357439856,-1.0887036607390872, 0
0.5795665370191934,-3.5479587323226696, 0
5.53098454620879,0.5468382874826858, 0
5.533190337539722,6.562984490780348, 0
-0.8307320785361494,-4.134052123995442, 0
-5.933226040067345,6.882677169958381, 0
2.32743928002445,0.22807809506943322, 0
-2.1525823365164882,-9.20247411355036, 0
2.765271090622756,5.888094614008416, 0
-9.733401523571798,-7.136342934534563, 0
8.516849958350711,-8.49337737686557, 0
9.088344591595675,8.088157537418482, 0
-9.053444296348186,4.685433780949484, 0
9.407586414467982,9.022612318188944, 0
-1.1519189587952532,-4.483940594245855, 0
9.911285006650317,2.9497870916650566, 0
-8.04020518165807,3.604701959161149, 0
-3.72890340831304,3.4825092420654773, 0
7.367606801950501,8.183046418356632, 0
-3.492250365897398,2.1465247380257306, 0
6.466277247662685,-8.537965552555084, 0
3.018967595656596,4.011241361629697, 0
1.4827205061729476,-6.295245773181253, 0
8.36810317011684,5.056050826463876, 0
0.8898532319584458,-0.4029360254188816, 0
7.7482653350267086,-8.86548579929756, 0
-0.8484695552297836,6.42731006786601, 0
-3.610508421590013,-9.978339427402304, 0
-9.60400925780364,0.19935402832077642, 0
1.7511621369398327,6.372539389901515, 0
-6.84691922014837,-8.619336783916214, 0
-9.645253270486936,-3.0386256834455843, 0
-6.229741333790253,-3.6729146268200408, 0
-5.605198392312218,-7.2977188458285225, 0
5.051014730501022,2.9296660870203883, 0
-0.23587365469496469,-9.889290710304044, 0
-4.708898530813124,-1.8945372338414774, 0
-2.7651315876330766,0.6857195032272596, 0
0.9473273907641229,7.582526529858548, 0
4.346729849723225,-2.617503933552068, 0
2.3392674727032556,-6.208843735779565, 0
4.2105814599648195,-9.873807873365301, 0
1.0142621095617503,8.688853202122807, 0
3.38037260316435,6.251409306811794, 0
8.742635414049136,-8.338829108449987, 0
6.030506683708815,-0.5293387299666712, 0
8.686223697618068,-4.781620623264473, 0
4.457351328085826,6.675041891535006, 0
8.490462256548174,-9.11247546590002, 0
-0.7916278989132834,4.972906065807743, 0
-2.4050934504571924,-3.9255759414947082, 0
-6.612115262006473,8.43697925676431, 0
2.9694285305579946,7.704343479356076, 0
-9.1819322638496,1.7328586394402112, 0
5.224809935332583,-9.863750829198171, 0
-3.4831871846624267,-1.7299208130850445, 0
-7.602180700118069,-5.56419766449725, 0
2.516285753857833,-6.287865877658985, 0
4.7002492696203895,1.7838399247410113, 0
5.077252676817283,-6.33280641097496, 0
0.45628403011764007,-9.681476334881243, 0
9.707304329933258,-5.9913216805361476, 0
8.373854528371428,5.366645942638758, 0
-1.1576838962570424,1.535758625026947, 0
-0.6027429373369735,0.653287904121866, 0
-3.957663193809977,-8.245418228656437, 0
0.22799164534518113,-0.5273470619639262, 0
8.00337849908933,-8.120903435061113, 0
-3.278541848382412,-0.8742085933343535, 0
5.502131338236699,-8.61726625719771, 0
-8.698969449010864,-6.090331641742999, 0
-2.4890663169050287,-7.3435209442271665, 0
-8.111659124726668,3.1077347830946636, 0
5.46825724044508,-5.939904386802059, 0
2.511466573595669,-3.1982184887631826, 0
8.96229537937488,9.813122129612122, 0
-4.824749394187702,-9.75619826804268, 0
-9.533184709311032,-4.669536404560191, 0
-2.101581595695327,-4.632207450035841, 0
1.3596566770305696,4.209128589628506, 0
-2.4658968168906785,4.417783952814371, 0
7.468475019808967,0.09283208366264795, 0
-0.6872459423665962,6.63622602184439, 0
-5.361204814442586,-0.3416361796218492, 0
-6.34094519786867,-4.504206830300392, 0
1.7137888541917974,-2.26322222262485, 0
-9.793326527094168,9.800939010113744, 0
0.5777461566785664,-0.13074500979142378, 0
-6.158487445073304,8.17416740594625, 0
-2.586473906564559,9.029573836801816, 0
-6.893676660723256,-8.089813101322509, 0
8.43328875610629,6.377091109153511, 0
-1.3032410314065501,0.4210143809701883, 0
6.823235162955136,6.383441072077943, 0
9.892914680396899,1.3926754105888328, 0
-0.9632154350495234,7.358991651241396, 0
2.0950509422636863,1.940473877717789, 0
-7.820866823533079,5.885722153446384, 0
-1.3483433989189013,0.9759698333764266, 0
-0.5498563960641629,3.683882820069204, 0
-1.6217799257681502,-7.7605490748421, 0
-8.640321946673952,9.565553831980122, 0
3.025165315145488,-0.8658952078522191, 0
1.973130168719134,5.238546564064922, 0
-7.591504073499231,-6.226726498656252, 0
3.476779153274972,-3.7633469023600945, 0
7.83628672473392,-2.9118723093413372, 0
-8.36406518575677,-6.136771484049827, 0
-8.297545422461889,-9.789857493313477, 0
0.4917243435522636,7.648222153897521, 0
7.692227629904835,-9.624302915941481, 0
-1.801884599627293,-8.416926654628886, 0
-9.619917839657417,2.5193624808288426, 0
5.762487921403071,-1.678473847430439, 0
7.9578357908630295,0.5155313536890844, 0
-8.30867346515469,-8.007771264787735, 0
-2.3056557751106084,0.7427526576743162, 0
